Samplesseen,F1
2791744,0.44120398956017104
2951744,0.5005859939467977
3111744,0.4585824604327547
3335744,0.5458493879940638
3463744,0.47954096969401105
3591744,0.49180514413035414
