Samplesseen,F1
3719776,0.5337365976128318
3911776,0.44826588145398133
4103776,0.5200798781373969
4263776,0.5545327614604496
4359776,0.49649116506927893
4487776,0.5630497533147267
